Name,Phone__c,Email__c,Picture__c,
Chanon Pornkeereewong,000-000-0001,chanon@example.com,https://i.pinimg.com/originals/d2/de/95/d2de9556e9eef282d01f208bfb8d5090.jpg,
Tawita Wicahchai,000-000-0002,eye@example.com,https://s.isanook.com/wo/0/ud/20/101945/101945-20180220060024-26f65ed.jpg,
Sunisa Thummasoon,000-000-0003,bow@example.com,https://qph.fs.quoracdn.net/main-qimg-372dfab8bfa0b88aeec3e30d86daff54,
John Dodge,555-888-8888,jdodge@example.com,https://encrypted-tbn0.gstatic.com/images?q=tbn%3AANd9GcQliQFYCZFf-KfcDALLXrH8DxrPiOPEZP9RJg&usqp=CAU,
Sarah Smith,555-999-8888,ssnith@example.com,https://encrypted-tbn0.gstatic.com/images?q=tbn%3AANd9GcQliQFYCZFf-KfcDALLXrH8DxrPiOPEZP9RJg&usqp=CAU,
George Dapper,555-999-0000,gdapper@example.com,https://encrypted-tbn0.gstatic.com/images?q=tbn%3AANd9GcQliQFYCZFf-KfcDALLXrH8DxrPiOPEZP9RJg&usqp=CAU,
Jack Dodge,555-888-8888,jdodge2@example.com,https://encrypted-tbn0.gstatic.com/images?q=tbn%3AANd9GcQliQFYCZFf-KfcDALLXrH8DxrPiOPEZP9RJg&usqp=CAU,
Jessica Jones,555-999-8888,jjones@example.com,https://encrypted-tbn0.gstatic.com/images?q=tbn%3AANd9GcQliQFYCZFf-KfcDALLXrH8DxrPiOPEZP9RJg&usqp=CAU,
Dragon Davich,555-999-0000,dragonr@example.com,https://encrypted-tbn0.gstatic.com/images?q=tbn%3AANd9GcQliQFYCZFf-KfcDALLXrH8DxrPiOPEZP9RJg&usqp=CAU,
Steve Curio,555-555-5454,curious@example.com,https://encrypted-tbn0.gstatic.com/images?q=tbn%3AANd9GcQliQFYCZFf-KfcDALLXrH8DxrPiOPEZP9RJg&usqp=CAU,
Laura Black,555-555-3434,black@example.com,https://encrypted-tbn0.gstatic.com/images?q=tbn%3AANd9GcQliQFYCZFf-KfcDALLXrH8DxrPiOPEZP9RJg&usqp=CAU,
Wilhelm Blake,555-555-5543,wblake@example.com,https://encrypted-tbn0.gstatic.com/images?q=tbn%3AANd9GcQliQFYCZFf-KfcDALLXrH8DxrPiOPEZP9RJg&usqp=CAU,
Winter Drake,555-555-5554,dragon2@example.com,https://encrypted-tbn0.gstatic.com/images?q=tbn%3AANd9GcQliQFYCZFf-KfcDALLXrH8DxrPiOPEZP9RJg&usqp=CAU,
Sal Sands,555-555-5553,sandssquared@example.com,https://encrypted-tbn0.gstatic.com/images?q=tbn%3AANd9GcQliQFYCZFf-KfcDALLXrH8DxrPiOPEZP9RJg&usqp=CAU,
Julia Wilds,555-555-9988,jwilds@example.com,https://encrypted-tbn0.gstatic.com/images?q=tbn%3AANd9GcQliQFYCZFf-KfcDALLXrH8DxrPiOPEZP9RJg&usqp=CAU,
Juniper Birsch,555-555-5432,woodsy@example.com,https://encrypted-tbn0.gstatic.com/images?q=tbn%3AANd9GcQliQFYCZFf-KfcDALLXrH8DxrPiOPEZP9RJg&usqp=CAU,
Valerie Duncan,555-555-3433,vduncan@example.com,https://encrypted-tbn0.gstatic.com/images?q=tbn%3AANd9GcQliQFYCZFf-KfcDALLXrH8DxrPiOPEZP9RJg&usqp=CAU,
Patti Patel,555-555-4334,ppatel@example.com,https://encrypted-tbn0.gstatic.com/images?q=tbn%3AANd9GcQliQFYCZFf-KfcDALLXrH8DxrPiOPEZP9RJg&usqp=CAU,
Justin Short,555-445-3343,jshort@example.com,https://encrypted-tbn0.gstatic.com/images?q=tbn%3AANd9GcQliQFYCZFf-KfcDALLXrH8DxrPiOPEZP9RJg&usqp=CAU,
John Downes,555-444-0117,bungie@example.com,https://encrypted-tbn0.gstatic.com/images?q=tbn%3AANd9GcQliQFYCZFf-KfcDALLXrH8DxrPiOPEZP9RJg&usqp=CAU,
Xavier Birch,555-000-0333,xjb@example.com,https://encrypted-tbn0.gstatic.com/images?q=tbn%3AANd9GcQliQFYCZFf-KfcDALLXrH8DxrPiOPEZP9RJg&usqp=CAU,
Basil Wenceslas,555-666-3433,hansa@example.com,https://encrypted-tbn0.gstatic.com/images?q=tbn%3AANd9GcQliQFYCZFf-KfcDALLXrH8DxrPiOPEZP9RJg&usqp=CAU,
Alice Black,555-555-5555,blackalice@example.com,https://encrypted-tbn0.gstatic.com/images?q=tbn%3AANd9GcQliQFYCZFf-KfcDALLXrH8DxrPiOPEZP9RJg&usqp=CAU,
